m,avg_crossings_hybrid,avg_crossings_full_permu,percent_hybrid,percent_full
4,27.7,18.65,148.52546916890083,100.0
6,86.85,74.85,116.03206412825651,100.0
8,203.55,179.25,113.55648535564855,100.0
