n1,n2,density,avg_crossings_original,avg_crossings_barycenter,avg_crossings_median,avg_crossings_sifting,avg_crossings_optimal
10,10,0.2,90.0,37.0,37.0,37.0,74.0
20,20,0.1,403.0,207.0,207.0,206.0,371.0
30,30,0.06666666666666667,707.0,302.0,302.0,302.0,621.0
40,40,0.05,1567.0,776.0,770.0,767.0,1473.0
50,50,0.04,2381.0,1191.0,1190.0,1190.0,2165.0
60,60,0.03333333333333333,3581.0,1602.0,1602.0,1602.0,3307.0
