n1,n2,density,avg_crossings_original,avg_crossings_barycenter,avg_crossings_median,avg_crossings_sifting,avg_crossings_optimal
5,5,0.39999999999999997,17.6,8.7,8.8,8.7,0
10,10,0.19999999999999998,88.8,37.4,37.8,37.4,0
15,15,0.13333333333333333,191.1,96.3,96.5,96.2,0
20,20,0.09999999999999999,383.7,186.6,187.0,186.4,0
25,25,0.07999999999999999,586.7,289.8,291.0,288.5,0
