{
    "hybrid_1_permu_bary": [
        65.93406593406593,
        75.0,
        60.674157303370784,
        75.49019607843137,
        70.83333333333333,
        66.23376623376623,
        74.44444444444444,
        65.78947368421052,
        63.75,
        68.1159420289855,
        71.15384615384616,
        69.76744186046511,
        60.75949367088607,
        74.71264367816092,
        60.0,
        71.42857142857143,
        71.57894736842105,
        57.971014492753625,
        69.23076923076923,
        59.523809523809526
    ],
    "hybrid_2_cutoff_0": [
        53.84615384615385,
        75.0,
        67.41573033707866,
        79.41176470588235,
        62.5,
        54.54545454545455,
        63.333333333333336,
        59.21052631578947,
        60.0,
        63.768115942028984,
        62.5,
        58.13953488372093,
        58.22784810126582,
        58.62068965517241,
        68.75,
        68.83116883116882,
        60.0,
        60.869565217391305,
        52.56410256410256,
        58.333333333333336
    ],
    "hybrid_2_cutoff_1": [
        56.043956043956044,
        77.08333333333333,
        65.1685393258427,
        80.3921568627451,
        64.58333333333333,
        49.35064935064935,
        64.44444444444444,
        63.1578947368421,
        62.5,
        65.21739130434783,
        72.11538461538461,
        66.27906976744185,
        63.29113924050633,
        68.96551724137932,
        66.25,
        76.62337662337663,
        66.3157894736842,
        65.21739130434783,
        58.97435897435897,
        58.333333333333336
    ],
    "hybrid_2_cutoff_2": [
        60.43956043956044,
        76.04166666666667,
        67.41573033707866,
        80.3921568627451,
        71.875,
        59.74025974025974,
        67.77777777777777,
        64.47368421052632,
        58.75,
        69.56521739130434,
        70.1923076923077,
        66.27906976744185,
        70.88607594936708,
        70.11494252873563,
        67.5,
        76.62337662337663,
        69.47368421052632,
        65.21739130434783,
        61.53846153846154,
        60.714285714285715
    ],
    "hybrid_2_cutoff_3": [
        57.142857142857146,
        77.08333333333333,
        69.66292134831461,
        85.29411764705883,
        72.91666666666667,
        62.33766233766234,
        66.66666666666667,
        65.78947368421052,
        60.0,
        69.56521739130434,
        68.26923076923077,
        69.76744186046511,
        68.35443037974683,
        73.5632183908046,
        72.5,
        79.22077922077922,
        66.3157894736842,
        68.1159420289855,
        64.1025641025641,
        59.523809523809526
    ],
    "hybrid_2_cutoff_4": [
        65.93406593406593,
        76.04166666666667,
        70.78651685393258,
        83.33333333333333,
        69.79166666666667,
        62.33766233766234,
        73.33333333333333,
        64.47368421052632,
        58.75,
        63.768115942028984,
        66.34615384615384,
        69.76744186046511,
        59.49367088607595,
        79.3103448275862,
        77.5,
        67.53246753246754,
        67.36842105263158,
        68.1159420289855,
        66.66666666666667,
        59.523809523809526
    ],
    "hybrid_2_cutoff_5": [
        67.03296703296704,
        76.04166666666667,
        71.91011235955057,
        83.33333333333333,
        70.83333333333333,
        62.33766233766234,
        72.22222222222223,
        68.42105263157895,
        76.25,
        76.81159420289855,
        74.03846153846153,
        68.6046511627907,
        59.49367088607595,
        74.71264367816092,
        80.0,
        76.62337662337663,
        66.3157894736842,
        69.56521739130434,
        67.94871794871794,
        66.66666666666667
    ],
    "hybrid_2_cutoff_6": [
        68.13186813186813,
        77.08333333333333,
        69.66292134831461,
        81.37254901960785,
        70.83333333333333,
        61.03896103896104,
        71.11111111111111,
        68.42105263157895,
        73.75,
        76.81159420289855,
        67.3076923076923,
        69.76744186046511,
        56.962025316455694,
        77.01149425287356,
        83.75,
        77.92207792207792,
        72.63157894736842,
        71.01449275362319,
        62.82051282051282,
        70.23809523809524
    ],
    "hybrid_2_cutoff_7": [
        69.23076923076923,
        81.25,
        73.03370786516854,
        84.31372549019608,
        71.875,
        62.33766233766234,
        75.55555555555556,
        67.10526315789474,
        73.75,
        78.26086956521739,
        70.1923076923077,
        72.09302325581395,
        56.962025316455694,
        81.60919540229885,
        86.25,
        81.81818181818181,
        74.73684210526316,
        71.01449275362319,
        69.23076923076923,
        71.42857142857143
    ],
    "hybrid_2_cutoff_8": [
        69.23076923076923,
        78.125,
        70.78651685393258,
        87.25490196078431,
        68.75,
        63.63636363636363,
        78.88888888888889,
        68.42105263157895,
        75.0,
        73.91304347826087,
        76.92307692307692,
        74.4186046511628,
        56.962025316455694,
        79.3103448275862,
        86.25,
        81.81818181818181,
        76.84210526315789,
        71.01449275362319,
        73.07692307692308,
        73.80952380952381
    ],
    "hybrid_2_cutoff_9": [
        72.52747252747253,
        80.20833333333333,
        77.52808988764045,
        87.25490196078431,
        81.25,
        70.12987012987013,
        82.22222222222223,
        75.0,
        76.25,
        60.869565217391305,
        79.8076923076923,
        74.4186046511628,
        74.68354430379746,
        81.60919540229885,
        86.25,
        81.81818181818181,
        77.89473684210526,
        72.46376811594203,
        74.35897435897436,
        73.80952380952381
    ]
}