{
    "hybrid_1_permu_bary": [
        78.78787878787878,
        64.1025641025641,
        64.70588235294117,
        61.79775280898876,
        65.11627906976744,
        66.66666666666667,
        65.38461538461539,
        58.8235294117647,
        68.47826086956522,
        72.09302325581395,
        87.27272727272727,
        69.44444444444444,
        62.5,
        56.17977528089887,
        59.74025974025974,
        63.63636363636363,
        65.38461538461539,
        67.85714285714286,
        71.05263157894737,
        70.58823529411765
    ],
    "hybrid_2_cutoff_0": [
        69.6969696969697,
        50.0,
        58.8235294117647,
        61.79775280898876,
        61.627906976744185,
        52.38095238095238,
        32.69230769230769,
        42.64705882352941,
        61.95652173913044,
        55.81395348837209,
        83.63636363636364,
        50.0,
        62.5,
        57.30337078651685,
        61.03896103896104,
        48.86363636363637,
        60.256410256410255,
        47.61904761904762,
        61.8421052631579,
        58.8235294117647
    ],
    "hybrid_2_cutoff_1": [
        71.71717171717172,
        67.94871794871794,
        71.76470588235294,
        65.1685393258427,
        70.93023255813954,
        65.47619047619048,
        44.23076923076923,
        41.1764705882353,
        68.47826086956522,
        67.44186046511628,
        85.45454545454545,
        54.166666666666664,
        61.111111111111114,
        57.30337078651685,
        62.33766233766234,
        61.36363636363637,
        60.256410256410255,
        53.57142857142857,
        60.526315789473685,
        63.529411764705884
    ],
    "hybrid_2_cutoff_2": [
        70.70707070707071,
        62.82051282051282,
        70.58823529411765,
        64.04494382022472,
        72.09302325581395,
        65.47619047619048,
        69.23076923076923,
        47.05882352941177,
        73.91304347826087,
        72.09302325581395,
        78.18181818181819,
        55.55555555555556,
        61.111111111111114,
        60.674157303370784,
        67.53246753246754,
        60.22727272727273,
        69.23076923076923,
        57.142857142857146,
        65.78947368421052,
        64.70588235294117
    ],
    "hybrid_2_cutoff_3": [
        81.81818181818181,
        62.82051282051282,
        72.94117647058823,
        70.78651685393258,
        72.09302325581395,
        60.714285714285715,
        69.23076923076923,
        47.05882352941177,
        78.26086956521739,
        72.09302325581395,
        85.45454545454545,
        56.94444444444444,
        62.5,
        60.674157303370784,
        70.12987012987013,
        62.5,
        73.07692307692308,
        53.57142857142857,
        68.42105263157895,
        71.76470588235294
    ],
    "hybrid_2_cutoff_4": [
        83.83838383838383,
        56.41025641025641,
        77.6470588235294,
        74.15730337078652,
        66.27906976744185,
        64.28571428571429,
        61.53846153846154,
        50.0,
        72.82608695652173,
        63.95348837209303,
        85.45454545454545,
        63.888888888888886,
        70.83333333333333,
        71.91011235955057,
        71.42857142857143,
        65.9090909090909,
        74.35897435897436,
        61.904761904761905,
        64.47368421052632,
        78.82352941176471
    ],
    "hybrid_2_cutoff_5": [
        81.81818181818181,
        62.82051282051282,
        77.6470588235294,
        80.89887640449439,
        56.97674418604651,
        69.04761904761905,
        65.38461538461539,
        48.529411764705884,
        73.91304347826087,
        72.09302325581395,
        85.45454545454545,
        68.05555555555556,
        72.22222222222223,
        74.15730337078652,
        75.32467532467533,
        69.31818181818181,
        78.2051282051282,
        64.28571428571429,
        64.47368421052632,
        80.0
    ],
    "hybrid_2_cutoff_6": [
        84.84848484848484,
        61.53846153846154,
        71.76470588235294,
        80.89887640449439,
        66.27906976744185,
        71.42857142857143,
        69.23076923076923,
        50.0,
        73.91304347826087,
        65.11627906976744,
        82.72727272727273,
        63.888888888888886,
        72.22222222222223,
        71.91011235955057,
        79.22077922077922,
        72.72727272727273,
        74.35897435897436,
        64.28571428571429,
        64.47368421052632,
        80.0
    ],
    "hybrid_2_cutoff_7": [
        86.86868686868686,
        70.51282051282051,
        75.29411764705883,
        83.14606741573034,
        73.25581395348837,
        67.85714285714286,
        76.92307692307692,
        69.11764705882354,
        79.34782608695652,
        69.76744186046511,
        85.45454545454545,
        69.44444444444444,
        72.22222222222223,
        75.28089887640449,
        79.22077922077922,
        75.0,
        76.92307692307692,
        80.95238095238095,
        61.8421052631579,
        80.0
    ],
    "hybrid_2_cutoff_8": [
        81.81818181818181,
        74.35897435897436,
        72.94117647058823,
        84.26966292134831,
        70.93023255813954,
        73.80952380952381,
        75.0,
        67.6470588235294,
        80.43478260869566,
        69.76744186046511,
        86.36363636363636,
        73.61111111111111,
        65.27777777777777,
        71.91011235955057,
        77.92207792207792,
        78.4090909090909,
        71.7948717948718,
        80.95238095238095,
        65.78947368421052,
        78.82352941176471
    ],
    "hybrid_2_cutoff_9": [
        86.86868686868686,
        76.92307692307692,
        83.52941176470588,
        80.89887640449439,
        69.76744186046511,
        76.19047619047619,
        75.0,
        70.58823529411765,
        82.6086956521739,
        74.4186046511628,
        89.0909090909091,
        73.61111111111111,
        66.66666666666667,
        73.03370786516854,
        84.41558441558442,
        85.22727272727273,
        79.48717948717949,
        78.57142857142857,
        71.05263157894737,
        78.82352941176471
    ]
}