{
    "hybrid_1_permu_bary": [
        64.78873239436619,
        68.91891891891892,
        72.64150943396227,
        69.76744186046511,
        67.10526315789474,
        62.365591397849464,
        70.73170731707317,
        63.91752577319588,
        66.66666666666667,
        65.65656565656566,
        65.85365853658537,
        71.42857142857143,
        70.58823529411765,
        73.17073170731707,
        59.550561797752806,
        62.6865671641791,
        65.78947368421052,
        80.68181818181819,
        70.58823529411765,
        64.04494382022472
    ],
    "hybrid_2_cutoff_0": [
        66.19718309859155,
        51.351351351351354,
        59.43396226415094,
        69.76744186046511,
        50.0,
        61.29032258064516,
        62.19512195121951,
        60.824742268041234,
        54.166666666666664,
        53.535353535353536,
        59.75609756097561,
        56.043956043956044,
        58.8235294117647,
        57.31707317073171,
        66.29213483146067,
        61.19402985074627,
        42.10526315789474,
        63.63636363636363,
        68.23529411764706,
        70.78651685393258
    ],
    "hybrid_2_cutoff_1": [
        69.01408450704226,
        64.86486486486487,
        71.69811320754717,
        70.93023255813954,
        50.0,
        65.59139784946237,
        76.82926829268293,
        65.97938144329896,
        58.333333333333336,
        55.55555555555556,
        57.31707317073171,
        59.34065934065934,
        63.529411764705884,
        63.41463414634146,
        68.53932584269663,
        64.17910447761194,
        44.73684210526316,
        65.9090909090909,
        70.58823529411765,
        73.03370786516854
    ],
    "hybrid_2_cutoff_2": [
        66.19718309859155,
        68.91891891891892,
        73.58490566037736,
        73.25581395348837,
        52.63157894736842,
        66.66666666666667,
        70.73170731707317,
        69.0721649484536,
        61.111111111111114,
        60.60606060606061,
        63.41463414634146,
        69.23076923076923,
        57.64705882352941,
        57.31707317073171,
        66.29213483146067,
        70.14925373134328,
        50.0,
        75.0,
        72.94117647058823,
        73.03370786516854
    ],
    "hybrid_2_cutoff_3": [
        67.6056338028169,
        67.56756756756756,
        66.98113207547169,
        75.5813953488372,
        59.21052631578947,
        60.215053763440864,
        71.95121951219512,
        70.10309278350516,
        58.333333333333336,
        65.65656565656566,
        63.41463414634146,
        74.72527472527473,
        63.529411764705884,
        63.41463414634146,
        66.29213483146067,
        73.13432835820896,
        42.10526315789474,
        72.72727272727273,
        81.17647058823529,
        73.03370786516854
    ],
    "hybrid_2_cutoff_4": [
        67.6056338028169,
        70.27027027027027,
        78.30188679245283,
        75.5813953488372,
        60.526315789473685,
        73.11827956989248,
        69.51219512195122,
        72.16494845360825,
        58.333333333333336,
        74.74747474747475,
        63.41463414634146,
        73.62637362637362,
        62.35294117647059,
        62.19512195121951,
        71.91011235955057,
        73.13432835820896,
        48.68421052631579,
        76.13636363636364,
        78.82352941176471,
        67.41573033707866
    ],
    "hybrid_2_cutoff_5": [
        71.83098591549296,
        75.67567567567568,
        80.18867924528301,
        68.6046511627907,
        67.10526315789474,
        79.56989247311827,
        80.48780487804878,
        70.10309278350516,
        61.111111111111114,
        76.76767676767676,
        70.73170731707317,
        69.23076923076923,
        67.05882352941177,
        63.41463414634146,
        69.66292134831461,
        77.61194029850746,
        57.89473684210526,
        76.13636363636364,
        85.88235294117646,
        61.79775280898876
    ],
    "hybrid_2_cutoff_6": [
        73.2394366197183,
        81.08108108108108,
        78.30188679245283,
        75.5813953488372,
        61.8421052631579,
        79.56989247311827,
        79.26829268292683,
        73.19587628865979,
        54.166666666666664,
        77.77777777777777,
        73.17073170731707,
        74.72527472527473,
        61.1764705882353,
        59.75609756097561,
        68.53932584269663,
        73.13432835820896,
        64.47368421052632,
        73.86363636363636,
        88.23529411764706,
        66.29213483146067
    ],
    "hybrid_2_cutoff_7": [
        70.4225352112676,
        82.43243243243244,
        82.0754716981132,
        82.55813953488372,
        65.78947368421052,
        81.72043010752688,
        76.82926829268293,
        77.31958762886597,
        61.111111111111114,
        83.83838383838383,
        75.60975609756098,
        86.81318681318682,
        74.11764705882354,
        70.73170731707317,
        71.91011235955057,
        65.67164179104478,
        68.42105263157895,
        75.0,
        88.23529411764706,
        67.41573033707866
    ],
    "hybrid_2_cutoff_8": [
        78.87323943661971,
        81.08108108108108,
        80.18867924528301,
        80.23255813953489,
        71.05263157894737,
        81.72043010752688,
        79.26829268292683,
        78.35051546391753,
        62.5,
        83.83838383838383,
        74.39024390243902,
        87.91208791208791,
        72.94117647058823,
        71.95121951219512,
        73.03370786516854,
        61.19402985074627,
        71.05263157894737,
        71.5909090909091,
        88.23529411764706,
        67.41573033707866
    ],
    "hybrid_2_cutoff_9": [
        78.87323943661971,
        81.08108108108108,
        80.18867924528301,
        81.3953488372093,
        75.0,
        81.72043010752688,
        79.26829268292683,
        70.10309278350516,
        62.5,
        83.83838383838383,
        79.26829268292683,
        83.51648351648352,
        78.82352941176471,
        73.17073170731707,
        67.41573033707866,
        64.17910447761194,
        71.05263157894737,
        75.0,
        90.58823529411765,
        73.03370786516854
    ]
}