{
    "cutoff_0": [
        41.640866873065015,
        41.25984251968504,
        52.53576072821846,
        53.984962406015036,
        44.81707317073171,
        46.38109305760709,
        44.08945686900959,
        41.60688665710187,
        40.18691588785047,
        52.833078101071976,
        44.50867052023121,
        50.147492625368734,
        40.58919803600654,
        52.58741258741259,
        45.954198473282446,
        58.76152832674572,
        42.4483306836248,
        52.906110283159464,
        50.93795093795094,
        48.51904090267983
    ],
    "cutoff_1": [
        43.808049535603715,
        41.574803149606296,
        52.01560468140442,
        54.73684210526316,
        55.94512195121951,
        48.59675036927622,
        44.24920127795527,
        48.493543758967,
        43.14641744548287,
        51.76110260336907,
        47.97687861271676,
        46.75516224188791,
        45.662847790507364,
        51.60839160839161,
        45.80152671755725,
        55.86297760210804,
        37.20190779014308,
        55.14157973174367,
        53.67965367965368,
        53.17348377997179
    ],
    "cutoff_2": [
        50.92879256965944,
        45.511811023622045,
        52.925877763329,
        52.330827067669176,
        52.896341463414636,
        59.527326440177255,
        49.04153354632588,
        45.91104734576758,
        48.753894080996886,
        53.59877488514548,
        46.53179190751445,
        43.51032448377581,
        48.772504091653026,
        54.54545454545455,
        48.70229007633588,
        55.86297760210804,
        41.1764705882353,
        55.58867362146051,
        55.98845598845599,
        52.89139633286319
    ],
    "cutoff_3": [
        49.53560371517028,
        47.08661417322835,
        61.1183355006502,
        54.73684210526316,
        55.94512195121951,
        56.72082717872969,
        47.284345047923324,
        47.63271162123386,
        51.401869158878505,
        56.81470137825421,
        47.97687861271676,
        50.29498525073746,
        48.11783960720131,
        55.10489510489511,
        47.32824427480916,
        58.23451910408432,
        52.62321144674086,
        57.82414307004471,
        54.54545454545455,
        54.72496473906911
    ],
    "cutoff_4": [
        53.869969040247675,
        48.818897637795274,
        55.52665799739922,
        55.93984962406015,
        58.99390243902439,
        62.92466765140325,
        47.92332268370607,
        49.35437589670014,
        46.26168224299065,
        58.03981623277182,
        51.30057803468208,
        51.03244837758112,
        43.20785597381342,
        56.78321678321678,
        52.213740458015266,
        54.80895915678524,
        51.987281399046104,
        59.46348733233979,
        53.39105339105339,
        57.40479548660085
    ],
    "cutoff_5": [
        56.656346749226,
        54.01574803149607,
        57.607282184655396,
        56.8421052631579,
        59.298780487804876,
        60.4135893648449,
        48.40255591054313,
        53.80200860832138,
        47.66355140186916,
        52.06738131699847,
        51.30057803468208,
        54.27728613569322,
        47.95417348608838,
        60.83916083916084,
        52.97709923664122,
        60.47430830039526,
        55.32591414944356,
        59.31445603576751,
        54.83405483405483,
        58.674188998589564
    ],
    "cutoff_6": [
        58.204334365325074,
        52.59842519685039,
        57.737321196358906,
        49.32330827067669,
        53.50609756097561,
        58.493353028064995,
        53.194888178913736,
        56.9583931133429,
        50.0,
        52.22052067381317,
        55.05780346820809,
        48.82005899705015,
        45.335515548281506,
        54.82517482517483,
        52.97709923664122,
        55.86297760210804,
        53.73608903020668,
        51.26676602086438,
        54.256854256854254,
        61.636107193229904
    ],
    "cutoff_7": [
        53.40557275541796,
        51.338582677165356,
        60.72821846553966,
        49.92481203007519,
        60.51829268292683,
        62.62924667651403,
        47.284345047923324,
        50.07173601147776,
        54.98442367601246,
        58.80551301684533,
        53.75722543352601,
        57.07964601769911,
        52.04582651391162,
        58.32167832167832,
        52.06106870229008,
        55.99472990777338,
        47.53577106518283,
        51.564828614008945,
        55.41125541125541,
        66.29055007052186
    ],
    "cutoff_8": [
        52.78637770897833,
        54.803149606299215,
        55.786736020806245,
        47.669172932330824,
        50.30487804878049,
        63.07237813884786,
        50.47923322683706,
        52.79770444763271,
        58.87850467289719,
        58.49923430321593,
        51.15606936416185,
        56.78466076696165,
        44.189852700490995,
        56.22377622377623,
        45.64885496183206,
        55.20421607378129,
        61.36724960254372,
        50.07451564828614,
        59.74025974025974,
        65.44428772919605
    ],
    "cutoff_9": [
        52.63157894736842,
        47.40157480314961,
        56.046814044213264,
        52.932330827067666,
        59.298780487804876,
        62.0384047267356,
        51.277955271565496,
        56.24103299856528,
        60.43613707165109,
        62.32771822358346,
        53.75722543352601,
        60.61946902654867,
        54.337152209492636,
        61.53846153846154,
        49.00763358778626,
        54.54545454545455,
        63.11605723370429,
        52.30998509687034,
        56.277056277056275,
        64.31593794076164
    ]
}