n1,n2,num_samples,density,pred_density,avg_crossings_original,avg_crossings_barycenter,avg_crossings_median,avg_crossings_sifting,avg_crossings_optimal
30,30,10,0.09999999999999999,0.1,1874.4,1174.3,1184.2,1157.5,0
30,30,10,0.19999999999999998,0.2,7526.0,5566.2,5674.3,5544.1,0
30,30,10,0.29999999999999993,0.3,16935.1,13716.3,13993.9,13687.2,0
30,30,10,0.39999999999999997,0.4,30292.8,25926.4,26345.3,25903.2,0
30,30,10,0.5,0.5,47119.8,41227.5,41827.4,41211.8,0
30,30,10,0.5999999999999999,0.6,68469.4,60706.1,61276.4,60701.9,0
30,30,10,0.7000000000000001,0.7,92521.7,85272.8,86089.7,85278.0,0
30,30,10,0.7999999999999999,0.8,121325.3,113685.2,114859.4,113690.9,0
30,30,10,0.9000000000000001,0.9,154019.9,147317.5,148204.9,147328.1,0
