n1,n2,num_samples,density,pred_density,avg_crossings_original,avg_crossings_barycenter,avg_crossings_median,avg_crossings_sifting,avg_crossings_optimal
40,40,10,0.09999999999999999,0.1,6132.0,4024.5,4088.5,3984.5,0
40,40,10,0.19999999999999998,0.2,24501.7,19132.7,19503.4,19080.3,0
40,40,10,0.29999999999999993,0.3,55459.0,46068.9,47022.1,46014.6,0
40,40,10,0.39999999999999997,0.4,97290.9,84320.5,85706.6,84275.3,0
40,40,10,0.5,0.5,151995.2,135821.5,137962.2,135798.0,0
40,40,10,0.5999999999999999,0.6,219126.5,200752.1,203728.0,200726.1,0
40,40,10,0.7000000000000001,0.7,298169.7,277498.9,279898.5,277526.6,0
40,40,10,0.7999999999999999,0.8,388113.5,368637.1,370925.0,368644.4,0
40,40,10,0.9000000000000001,0.9,492098.7,476072.1,477741.8,476099.4,0
