n1,n2,num_samples,density,pred_density,avg_crossings_original,avg_crossings_barycenter,avg_crossings_median,avg_crossings_sifting,avg_crossings_optimal
20,20,10,0.09999999999999999,0.1,359.8,174.2,175.4,170.8,0
20,20,10,0.19999999999999998,0.2,1457.0,938.1,956.6,932.3,0
20,20,10,0.29999999999999993,0.3,3167.9,2439.9,2484.6,2432.6,0
20,20,10,0.39999999999999997,0.4,5791.5,4721.8,4803.3,4718.0,0
20,20,10,0.5,0.5,9024.6,7537.3,7651.7,7531.3,0
20,20,10,0.5999999999999999,0.6,12961.7,11324.0,11492.7,11322.7,0
20,20,10,0.7000000000000001,0.7,17791.5,16014.7,16285.6,16009.8,0
20,20,10,0.7999999999999999,0.8,23162.3,21145.4,21336.9,21147.1,0
20,20,10,0.9000000000000001,0.9,29296.3,27846.2,28022.2,27846.3,0
