n1,n2,num_samples,density,pred_density,avg_crossings_original,avg_crossings_barycenter,avg_crossings_median,avg_crossings_sifting,avg_crossings_optimal
9,9,10,0.11111111111111113,0.1,17.9,0.0,0.0,0.0,0.0
9,9,10,0.20987654320987653,0.2,55.3,26.7,26.9,26.3,26.2
9,9,10,0.30864197530864196,0.3,119.6,76.1,76.8,75.0,75.0
9,9,10,0.40740740740740733,0.4,214.3,150.0,152.9,148.5,148.4
9,9,10,0.5061728395061728,0.5,317.8,236.9,237.6,235.3,235.1
9,9,10,0.6049382716049383,0.6,478.5,379.6,387.5,378.8,378.6
9,9,10,0.7037037037037038,0.7,620.3,523.9,529.4,523.7,523.6
9,9,10,0.8024691358024691,0.8,808.5,723.1,729.3,722.9,722.9
9,9,10,0.9012345679012344,0.9,1048.2,966.9,975.6,967.0,966.9
