n1,n2,num_samples,density,pred_density,avg_crossings_original,avg_crossings_barycenter,avg_crossings_median,avg_crossings_sifting,avg_crossings_optimal
10,10,10,0.09999999999999999,0.1,24.3,0.0,0.0,0.0,0.0
10,10,10,0.19999999999999998,0.2,79.7,40.9,41.4,40.1,40.1
10,10,10,0.29999999999999993,0.3,181.5,113.6,116.1,112.8,112.4
10,10,10,0.39999999999999997,0.4,321.0,238.2,241.0,236.2,235.8
10,10,10,0.5,0.5,498.9,377.1,386.0,376.3,376.0
10,10,10,0.5999999999999999,0.6,716.2,581.2,595.1,581.0,580.8
10,10,10,0.7000000000000001,0.7,986.7,842.1,854.8,842.2,841.3
10,10,10,0.7999999999999999,0.8,1276.0,1150.8,1163.8,1150.9,1150.4
10,10,10,0.9000000000000001,0.9,1638.5,1543.7,1553.7,1543.4,1543.4
