n1,n2,num_samples,density,pred_density,avg_crossings_original,avg_crossings_barycenter,avg_crossings_median,avg_crossings_sifting,avg_crossings_optimal
7,7,10,0.14285714285714282,0.1,10.7,0.0,0.0,0.0,0.0
7,7,10,0.20408163265306123,0.2,19.3,5.4,5.3,5.3,5.3
7,7,10,0.3061224489795919,0.3,39.6,20.2,20.6,20.1,20.1
7,7,10,0.40816326530612246,0.4,76.4,49.9,51.7,49.6,49.6
7,7,10,0.5102040816326532,0.5,120.7,82.5,83.4,81.9,81.9
7,7,10,0.6122448979591838,0.6,163.8,129.2,132.4,129.1,129.1
7,7,10,0.7142857142857143,0.7,232.5,179.6,182.8,179.7,179.4
7,7,10,0.8163265306122449,0.8,291.5,253.6,255.4,253.6,253.6
7,7,10,0.9183673469387756,0.9,370.3,340.5,341.1,340.5,340.5
