{
    "n=6": {
        "cutoff_0": [
            0.0014517000032356008,
            0.001576181749916818
        ],
        "cutoff_1": [
            0.027580569993006065,
            0.006727425433137885
        ],
        "cutoff_2": [
            0.04723591000365559,
            0.013234941273659597
        ],
        "cutoff_3": [
            0.060635060002095995,
            0.016088006440192086
        ],
        "cutoff_4": [
            0.08399775501166004,
            0.016516843182953864
        ],
        "cutoff_5": [
            0.10692807000596076,
            0.01954452110808266
        ],
        "cutoff_6": [
            0.12714988500229082,
            0.022795516383007527
        ],
        "cutoff_7": [
            0.13911470999883022,
            0.027282062058051053
        ],
        "cutoff_8": [
            0.1584406800015131,
            0.030158467022239083
        ],
        "cutoff_9": [
            0.17420506000344177,
            0.03914002316336029
        ]
    },
    "n=7": {
        "cutoff_0": [
            0.0011374700057785957,
            0.00030396771401359097
        ],
        "cutoff_1": [
            0.0463432550051948,
            0.015507152800454364
        ],
        "cutoff_2": [
            0.07372105999966153,
            0.016500597110767377
        ],
        "cutoff_3": [
            0.1140383199963253,
            0.026081862222571712
        ],
        "cutoff_4": [
            0.1398185599973658,
            0.020055551385091748
        ],
        "cutoff_5": [
            0.1733773449930595,
            0.03505990499311538
        ],
        "cutoff_6": [
            0.1888394149922533,
            0.02824211234976608
        ],
        "cutoff_7": [
            0.2404748050030321,
            0.04282286611396487
        ],
        "cutoff_8": [
            0.27025957000150813,
            0.04594362931739434
        ],
        "cutoff_9": [
            0.29895609999075534,
            0.04681371617693974
        ]
    },
    "n=8": {
        "cutoff_0": [
            0.001643140005762689,
            0.0008736501273475866
        ],
        "cutoff_1": [
            0.05894693999434821,
            0.01106857601075936
        ],
        "cutoff_2": [
            0.11183865500206594,
            0.021240866366790137
        ],
        "cutoff_3": [
            0.1593278299929807,
            0.03128313164927048
        ],
        "cutoff_4": [
            0.21739841000235174,
            0.03262228644331902
        ],
        "cutoff_5": [
            0.25394437000213654,
            0.044125194296281874
        ],
        "cutoff_6": [
            0.29557247000338976,
            0.03947667551227093
        ],
        "cutoff_7": [
            0.3682542050082702,
            0.05029138710939066
        ],
        "cutoff_8": [
            0.3914512050047051,
            0.046340408149429906
        ],
        "cutoff_9": [
            0.4515837549988646,
            0.06463909681559045
        ]
    },
    "n=9": {
        "cutoff_0": [
            0.0019857000006595626,
            0.0012185570583040021
        ],
        "cutoff_1": [
            0.09900951999297831,
            0.021674446879357795
        ],
        "cutoff_2": [
            0.18707421999424695,
            0.034302219901032986
        ],
        "cutoff_3": [
            0.26621384000463877,
            0.0483295557459099
        ],
        "cutoff_4": [
            0.3429768800007878,
            0.055128845809711474
        ],
        "cutoff_5": [
            0.41046131500334015,
            0.06412596851847133
        ],
        "cutoff_6": [
            0.49851180000405293,
            0.058947689201206445
        ],
        "cutoff_7": [
            0.577655749997939,
            0.08813982148158332
        ],
        "cutoff_8": [
            0.6647752199962269,
            0.08776782885913294
        ],
        "cutoff_9": [
            0.7207919299951755,
            0.0779516762844004
        ]
    },
    "n=10": {
        "cutoff_0": [
            0.002272584999445826,
            0.0010197608177946373
        ],
        "cutoff_1": [
            0.1564289000001736,
            0.06567514561494547
        ],
        "cutoff_2": [
            0.2887833500019042,
            0.11280737021381033
        ],
        "cutoff_3": [
            0.43010277999856045,
            0.13732269175739145
        ],
        "cutoff_4": [
            0.5505512399919098,
            0.18125599503439713
        ],
        "cutoff_5": [
            0.7097495050024009,
            0.19842151132552224
        ],
        "cutoff_6": [
            0.8040979999961564,
            0.28620351422002416
        ],
        "cutoff_7": [
            0.949895424998249,
            0.3642783216991316
        ],
        "cutoff_8": [
            1.0545359399955487,
            0.37807198584965457
        ],
        "cutoff_9": [
            1.1872461000049952,
            0.38503816421787107
        ]
    }
}