n1,n2,num_samples,density,pred_density,avg_crossings_original,avg_crossings_barycenter,avg_crossings_median,avg_crossings_sifting,avg_crossings_optimal
30,30,10,0.09999999999999999,0.1,1944.5,1177.3,1195.6,1163.3,0
30,30,10,0.19999999999999998,0.2,7488.1,5564.9,5665.0,5538.0,0
30,30,10,0.29999999999999993,0.3,16889.5,13771.5,14111.5,13754.8,0
30,30,10,0.39999999999999997,0.4,30687.1,25765.6,26182.0,25743.3,0
30,30,10,0.5,0.5,47260.2,41353.8,42042.5,41327.4,0
30,30,10,0.5999999999999999,0.6,67867.7,60884.5,61760.5,60866.1,0
30,30,10,0.7000000000000001,0.7,92398.6,85206.5,86028.2,85204.9,0
30,30,10,0.7999999999999999,0.8,121994.0,113597.7,114638.6,113608.6,0
30,30,10,0.9000000000000001,0.9,152967.0,146918.7,147730.4,146929.1,0
