n1,n2,num_samples,density,pred_density,avg_crossings_original,avg_crossings_barycenter,avg_crossings_median,avg_crossings_sifting,avg_crossings_optimal
10,10,10,0.09999999999999999,0.1,25.8,0.0,0.0,0.1,0
10,10,10,0.19999999999999998,0.2,81.7,41.6,42.2,41.2,0
10,10,10,0.29999999999999993,0.3,178.6,115.0,116.8,113.8,0
10,10,10,0.39999999999999997,0.4,319.1,216.7,221.0,214.8,0
10,10,10,0.5,0.5,491.8,368.8,376.8,367.9,0
10,10,10,0.5999999999999999,0.6,742.2,580.4,591.4,579.5,0
10,10,10,0.7000000000000001,0.7,972.7,823.1,836.4,822.7,0
10,10,10,0.7999999999999999,0.8,1296.7,1125.0,1140.2,1124.4,0
10,10,10,0.9000000000000001,0.9,1677.7,1522.2,1533.3,1522.0,0
