n1,n2,num_samples,density,pred_density,avg_crossings_original,avg_crossings_barycenter,avg_crossings_median,avg_crossings_sifting,avg_crossings_optimal
30,30,10,0.09999999999999999,0.1,1936.5,1105.9,1109.1,1088.1,0
30,30,10,0.19999999999999998,0.2,7579.5,5669.7,5759.2,5643.3,0
30,30,10,0.29999999999999993,0.3,16975.5,13747.4,13988.3,13723.1,0
30,30,10,0.39999999999999997,0.4,30521.1,25441.5,25911.2,25426.0,0
30,30,10,0.5,0.5,46729.8,41498.3,42141.2,41483.9,0
30,30,10,0.5999999999999999,0.6,67963.0,61408.2,62110.4,61392.3,0
30,30,10,0.7000000000000001,0.7,92694.3,85278.2,86142.9,85278.9,0
30,30,10,0.7999999999999999,0.8,121546.9,113501.9,114375.6,113510.0,0
30,30,10,0.9000000000000001,0.9,153653.9,147325.6,148330.0,147331.5,0
