n1,n2,num_samples,density,pred_density,avg_crossings_original,avg_crossings_barycenter,avg_crossings_median,avg_crossings_sifting,avg_crossings_optimal
10,10,10,0.09999999999999999,0.1,21.4,0.0,0.0,0.0,0
10,10,10,0.19999999999999998,0.2,85.3,39.0,39.7,38.1,0
10,10,10,0.29999999999999993,0.3,182.9,110.7,112.1,109.6,0
10,10,10,0.39999999999999997,0.4,325.0,225.3,227.9,224.1,0
10,10,10,0.5,0.5,498.7,387.5,392.0,386.2,0
10,10,10,0.5999999999999999,0.6,730.2,594.0,605.7,593.0,0
10,10,10,0.7000000000000001,0.7,1010.6,819.3,830.7,819.1,0
10,10,10,0.7999999999999999,0.8,1285.5,1156.9,1169.2,1156.6,0
10,10,10,0.9000000000000001,0.9,1657.9,1521.3,1534.7,1521.2,0
