n1,n2,num_samples,density,pred_density,avg_crossings_original,avg_crossings_barycenter,avg_crossings_median,avg_crossings_sifting,avg_crossings_optimal
50,50,10,0.09999999999999999,0.1,14992.0,10421.4,10625.9,10369.6,0
50,50,10,0.19999999999999998,0.2,59996.2,48103.0,48996.5,48042.2,0
50,50,10,0.29999999999999993,0.3,135061.6,115729.6,118072.7,115653.7,0
50,50,10,0.39999999999999997,0.4,240882.5,212549.6,215799.6,212467.1,0
50,50,10,0.5,0.5,376355.1,339450.9,343890.7,339384.5,0
50,50,10,0.5999999999999999,0.6,541076.8,498603.3,503506.0,498608.7,0
50,50,10,0.7000000000000001,0.7,735540.4,691037.1,696930.4,691077.5,0
50,50,10,0.7999999999999999,0.8,959321.9,913890.4,919572.1,913955.4,0
50,50,10,0.9000000000000001,0.9,1217685.0,1177916.4,1182399.6,1177954.0,0
