{
    "hybrid_1_permu_bary": [
        0.03450350003549829,
        0.045404599979519844,
        0.04115439997985959,
        0.03623550001066178,
        0.03502820001449436,
        0.03585879999445751,
        0.033739899983629584,
        0.02903059998061508,
        0.04410170001210645,
        0.034153300046455115,
        0.030200499983038753,
        0.05907770001795143,
        0.04532229999313131,
        0.04466790001606569,
        0.03855739999562502,
        0.03842210001312196,
        0.05132030003005639,
        0.03757829999085516,
        0.0308841000078246,
        0.03084999998100102
    ],
    "hybrid_2_cutoff_0": [
        0.0005372999585233629,
        0.0005327999824658036,
        0.0026393000152893364,
        0.0005344000528566539,
        0.0005178000428713858,
        0.000519900000654161,
        0.0005332000437192619,
        0.0005424999981187284,
        0.0011712000123225152,
        0.000907599984202534,
        0.0005087999743409455,
        0.001214299991261214,
        0.0007071999716572464,
        0.0023732000263407826,
        0.0005031999899074435,
        0.0025745999882929027,
        0.0006920000305399299,
        0.0005113999941386282,
        0.0005077999667264521,
        0.0005189999938011169
    ],
    "hybrid_2_cutoff_1": [
        0.018270700005814433,
        0.019255699997302145,
        0.022865899954922497,
        0.01771699998062104,
        0.016216999967582524,
        0.015300400031264871,
        0.016491100017447025,
        0.015514399972744286,
        0.029164300009142607,
        0.032622499973513186,
        0.019834900042042136,
        0.0180578000145033,
        0.020394000050146133,
        0.019486600009258837,
        0.017368300002999604,
        0.018569600011687726,
        0.026711300015449524,
        0.02862140000797808,
        0.01501169998664409,
        0.016178800025954843
    ],
    "hybrid_2_cutoff_2": [
        0.030265099951066077,
        0.03388150001410395,
        0.05095219996292144,
        0.07241989998146892,
        0.0377468999940902,
        0.02690910000819713,
        0.03167529997881502,
        0.03916069999104366,
        0.03414520004298538,
        0.03423400002066046,
        0.028493199963122606,
        0.03492300002835691,
        0.03855610004393384,
        0.031219500000588596,
        0.03019069996662438,
        0.03664200002094731,
        0.04521099996054545,
        0.032185800024308264,
        0.02991520002251491,
        0.029209500004071742
    ],
    "hybrid_2_cutoff_3": [
        0.043273999996017665,
        0.0461434000171721,
        0.07916080002905801,
        0.0800003000185825,
        0.05160760000580922,
        0.04546429996844381,
        0.07469609996769577,
        0.05140019999817014,
        0.04480380000313744,
        0.049619900004472584,
        0.04971339995972812,
        0.04752980003831908,
        0.05438060004962608,
        0.061545100004877895,
        0.0548623000504449,
        0.047056700044777244,
        0.05651309998938814,
        0.0504928000154905,
        0.03994300001068041,
        0.040983300015795976
    ],
    "hybrid_2_cutoff_4": [
        0.05023090000031516,
        0.07635489996755496,
        0.0973181999870576,
        0.07634600001620129,
        0.05359680001856759,
        0.09102110000094399,
        0.09419530001468956,
        0.05952779995277524,
        0.05081879999488592,
        0.05488750000949949,
        0.06153679999988526,
        0.060024699952919036,
        0.060761600034311414,
        0.0635543999960646,
        0.05907839996507391,
        0.06147150002652779,
        0.06601279997266829,
        0.0686511000385508,
        0.06356450001476333,
        0.06320549995871261
    ],
    "hybrid_2_cutoff_5": [
        0.09175959997810423,
        0.07295599998906255,
        0.09311529999831691,
        0.09547060000477359,
        0.07590779999736696,
        0.07478099997388199,
        0.08711209998000413,
        0.0716033999924548,
        0.08571590000065044,
        0.08003770001232624,
        0.08087030000751838,
        0.09946219995617867,
        0.0810102999676019,
        0.062065000005532056,
        0.08136889996239915,
        0.11410629999591038,
        0.07414330000756308,
        0.07701300003100187,
        0.07981339999241754,
        0.07305040000937879
    ],
    "hybrid_2_cutoff_6": [
        0.12975120003102347,
        0.07553349999943748,
        0.10796330001903698,
        0.12380890001077205,
        0.09854469995480031,
        0.12547369999811053,
        0.08982060005655512,
        0.09719320002477616,
        0.09857579995878041,
        0.09139610000420362,
        0.08641119999811053,
        0.12399890000233427,
        0.09677560004638508,
        0.09204900002805516,
        0.13420530001167208,
        0.10209579998627305,
        0.0823808999848552,
        0.10019639995880425,
        0.08567769994260743,
        0.11581429996294901
    ],
    "hybrid_2_cutoff_7": [
        0.11671240004943684,
        0.10168500000145286,
        0.11839890002738684,
        0.09542339999461547,
        0.09938809997402132,
        0.12320530001306906,
        0.09104179998394102,
        0.12145849998341873,
        0.10621689999243245,
        0.10817279998445883,
        0.11090869997860864,
        0.11969650001265109,
        0.12277700001141056,
        0.10080870002275333,
        0.150734500028193,
        0.11990479996893555,
        0.12005709996446967,
        0.10903779999352992,
        0.10746640001889318,
        0.14741390000563115
    ],
    "hybrid_2_cutoff_8": [
        0.11123280000174418,
        0.18851349997567013,
        0.11875650001456961,
        0.14388859999598935,
        0.15582770004402846,
        0.1358151999884285,
        0.11906670004827902,
        0.13767450000159442,
        0.14629360003164038,
        0.1250925000058487,
        0.1297762999893166,
        0.1482133999816142,
        0.12100899999495596,
        0.1186131999711506,
        0.1259816000238061,
        0.13677590002771467,
        0.10958700004266575,
        0.14559020003071055,
        0.11361160001251847,
        0.12411560001783073
    ],
    "hybrid_2_cutoff_9": [
        0.13416170002892613,
        0.12989330000709742,
        0.1555858999490738,
        0.1570830999989994,
        0.1386816999875009,
        0.18024369998602197,
        0.12921330000972375,
        0.14981889998307452,
        0.18963959999382496,
        0.12015550001524389,
        0.15681290003703907,
        0.1727938000112772,
        0.17338649998418987,
        0.1504358999663964,
        0.17667270003585145,
        0.20883580000372604,
        0.14824099995894358,
        0.14044869999634102,
        0.17357570002786815,
        0.12813150003785267
    ]
}